INSERT INTO authors (author_id, author_name)
VALUES
    (1, 'Harper Lee'),
    (2, 'F. Scott Fitzgerald'),
    (3, 'George Orwell'),
    (4, 'Jane Austen'),
    (5, 'J.D. Salinger'),
    (6, 'Mark Twain'),
    (7, 'Herman Melville'),
    (8, 'Mary Shelley'),
    (9, 'Bram Stoker'),
    (10, 'Charlotte Bronte'),
    (11, 'Emily Bronte'),
    (12, 'Oscar Wilde'),
    (13, 'J.R.R. Tolkien'),
    (14, 'Douglas Adams'),
    (15, 'Aldous Huxley'),
    (16, 'Gabriel Garcia Marquez'),
    (17, 'William Faulkner'),
    (18, 'Ernest Hemingway'),
    (19, 'Alice Walker'),
    (20, 'Toni Morrison'),
    (21, 'Margaret Atwood'),
    (22, 'Sylvia Plath'),
    (23, 'Kurt Vonnegut');


INSERT INTO genres (genre_id, genre_name)
VALUES
    (1, 'Fiction'),
    (2, 'Dystopian'),
    (3, 'Adventure'),
    (4, 'Gothic Horror'),
    (5, 'Fantasy'),
    (6, 'Science Fiction'),
    (7, 'Magical Realism'),
    (8, 'Historical Fiction');


INSERT INTO books (book_id, book_title, total_pages, number_copy, genre_id, author_id)
VALUES
  (1, 'To Kill a Mockingbird', 281, 10, 1, 1),
  (2, 'The Great Gatsby', 180, 8, 1, 2),
  (3, '1984', 328, 12, 2, 3),
  (4, 'Animal Farm', 112, 6, 2, 3),
  (5, 'Pride and Prejudice', 279, 9, 1, 4),
  (6, 'Sense and Sensibility', 352, 7, 1, 4),
  (7, 'The Catcher in the Rye', 277, 11, 1, 5),
  (8, 'The Adventures of Huckleberry Finn', 366, 13, 1, 6),
  (9, 'The Adventures of Tom Sawyer', 224, 9, 1, 6),
  (10, 'Moby-Dick', 585, 5, 3, 7),
  (11, 'Frankenstein', 280, 7, 4, 8),
  (12, 'Dracula', 418, 9, 4, 9),
  (13, 'Jane Eyre', 507, 8, 1, 10),
  (14, 'Wuthering Heights', 353, 6, 1, 11),
  (15, 'The Picture of Dorian Gray', 254, 5, 1, 12),
  (16, 'The Hobbit', 310, 9, 5, 13),
  (17, 'The Lord of the Rings', 1178, 4, 5, 13),
  (18, 'The Hitchhiker''s Guide to the Galaxy', 215, 11, 6, 14),
  (19, 'Brave New World', 311, 10, 2, 15),
  (20, 'One Hundred Years of Solitude', 422, 8, 7, 16),
  (21, 'The Sound and the Fury', 326, 6, 1, 17),
  (22, 'As I Lay Dying', 267, 7, 1, 17),
  (23, 'The Sun Also Rises', 251, 5, 1, 18),
  (24, 'For Whom the Bell Tolls', 471, 9, 1, 18),
  (25, 'The Old Man and the Sea', 127, 10, 1, 18),
  (26, 'The Color Purple', 295, 8, 8, 19),
  (27, 'Beloved', 321, 6, 8, 20),
  (28, 'The Handmaid''s Tale', 311, 11, 2, 21),
  (29, 'The Bell Jar', 288, 7, 1, 22),
  (30, 'Slaughterhouse-Five', 215, 9, 1, 23),
  (31, 'Cat''s Cradle', 287, 6, 6, 23);